Country,Year,Month,Pred_Export_USD,Pred_Import_USD
Afghanistan,2024,1,,
Afghanistan,2024,2,,
Afghanistan,2024,3,,
Afghanistan,2024,4,,
Afghanistan,2024,5,,
Afghanistan,2024,6,,
Afghanistan,2024,7,,
Afghanistan,2024,8,,
Afghanistan,2024,9,,
Afghanistan,2024,10,,
Afghanistan,2024,11,,
Afghanistan,2024,12,,
Albania,2024,1,,
Albania,2024,2,,
Albania,2024,3,,
Albania,2024,4,,
Albania,2024,5,,
Albania,2024,6,,
Albania,2024,7,,
Albania,2024,8,,
Albania,2024,9,,
Albania,2024,10,,
Albania,2024,11,,
Albania,2024,12,,
Algeria,2024,1,,
Algeria,2024,2,,
Algeria,2024,3,,
Algeria,2024,4,,
Algeria,2024,5,,
Algeria,2024,6,,
Algeria,2024,7,,
Algeria,2024,8,,
Algeria,2024,9,,
Algeria,2024,10,,
Algeria,2024,11,,
Algeria,2024,12,,
Andorra,2024,1,,
Andorra,2024,2,,
Andorra,2024,3,,
Andorra,2024,4,,
Andorra,2024,5,,
Andorra,2024,6,,
Andorra,2024,7,,
Andorra,2024,8,,
Andorra,2024,9,,
Andorra,2024,10,,
Andorra,2024,11,,
Andorra,2024,12,,
Angola,2024,1,,
Angola,2024,2,,
Angola,2024,3,,
Angola,2024,4,,
Angola,2024,5,,
Angola,2024,6,,
Angola,2024,7,,
Angola,2024,8,,
Angola,2024,9,,
Angola,2024,10,,
Angola,2024,11,,
Angola,2024,12,,
Anguilla,2024,1,,
Anguilla,2024,2,,
Anguilla,2024,3,,
Anguilla,2024,4,,
Anguilla,2024,5,,
Anguilla,2024,6,,
Anguilla,2024,7,,
Anguilla,2024,8,,
Anguilla,2024,9,,
Anguilla,2024,10,,
Anguilla,2024,11,,
Anguilla,2024,12,,
Antigua and Barbuda,2024,1,,
Antigua and Barbuda,2024,2,,
Antigua and Barbuda,2024,3,,
Antigua and Barbuda,2024,4,,
Antigua and Barbuda,2024,5,,
Antigua and Barbuda,2024,6,,
Antigua and Barbuda,2024,7,,
Antigua and Barbuda,2024,8,,
Antigua and Barbuda,2024,9,,
Antigua and Barbuda,2024,10,,
Antigua and Barbuda,2024,11,,
Antigua and Barbuda,2024,12,,
Argentina,2024,1,,
Argentina,2024,2,,
Argentina,2024,3,,
Argentina,2024,4,,
Argentina,2024,5,,
Argentina,2024,6,,
Argentina,2024,7,,
Argentina,2024,8,,
Argentina,2024,9,,
Argentina,2024,10,,
Argentina,2024,11,,
Argentina,2024,12,,
Armenia,2024,1,,
Armenia,2024,2,,
Armenia,2024,3,,
Armenia,2024,4,,
Armenia,2024,5,,
Armenia,2024,6,,
Armenia,2024,7,,
Armenia,2024,8,,
Armenia,2024,9,,
Armenia,2024,10,,
Armenia,2024,11,,
Armenia,2024,12,,
Aruba,2024,1,,
Aruba,2024,2,,
Aruba,2024,3,,
Aruba,2024,4,,
Aruba,2024,5,,
Aruba,2024,6,,
Aruba,2024,7,,
Aruba,2024,8,,
Aruba,2024,9,,
Aruba,2024,10,,
Aruba,2024,11,,
Aruba,2024,12,,
Australia,2024,1,,
Australia,2024,2,,
Australia,2024,3,,
Australia,2024,4,,
Australia,2024,5,,
Australia,2024,6,,
Australia,2024,7,,
Australia,2024,8,,
Australia,2024,9,,
Australia,2024,10,,
Australia,2024,11,,
Australia,2024,12,,
Austria,2024,1,,
Austria,2024,2,,
Austria,2024,3,,
Austria,2024,4,,
Austria,2024,5,,
Austria,2024,6,,
Austria,2024,7,,
Austria,2024,8,,
Austria,2024,9,,
Austria,2024,10,,
Austria,2024,11,,
Austria,2024,12,,
Azerbaijan,2024,1,,
Azerbaijan,2024,2,,
Azerbaijan,2024,3,,
Azerbaijan,2024,4,,
Azerbaijan,2024,5,,
Azerbaijan,2024,6,,
Azerbaijan,2024,7,,
Azerbaijan,2024,8,,
Azerbaijan,2024,9,,
Azerbaijan,2024,10,,
Azerbaijan,2024,11,,
Azerbaijan,2024,12,,
Bahamas,2024,1,,
Bahamas,2024,2,,
Bahamas,2024,3,,
Bahamas,2024,4,,
Bahamas,2024,5,,
Bahamas,2024,6,,
Bahamas,2024,7,,
Bahamas,2024,8,,
Bahamas,2024,9,,
Bahamas,2024,10,,
Bahamas,2024,11,,
Bahamas,2024,12,,
Bahrain,2024,1,,
Bahrain,2024,2,,
Bahrain,2024,3,,
Bahrain,2024,4,,
Bahrain,2024,5,,
Bahrain,2024,6,,
Bahrain,2024,7,,
Bahrain,2024,8,,
Bahrain,2024,9,,
Bahrain,2024,10,,
Bahrain,2024,11,,
Bahrain,2024,12,,
Bangladesh,2024,1,,
Bangladesh,2024,2,,
Bangladesh,2024,3,,
Bangladesh,2024,4,,
Bangladesh,2024,5,,
Bangladesh,2024,6,,
Bangladesh,2024,7,,
Bangladesh,2024,8,,
Bangladesh,2024,9,,
Bangladesh,2024,10,,
Bangladesh,2024,11,,
Bangladesh,2024,12,,
Barbados,2024,1,,
Barbados,2024,2,,
Barbados,2024,3,,
Barbados,2024,4,,
Barbados,2024,5,,
Barbados,2024,6,,
Barbados,2024,7,,
Barbados,2024,8,,
Barbados,2024,9,,
Barbados,2024,10,,
Barbados,2024,11,,
Barbados,2024,12,,
Belarus,2024,1,,
Belarus,2024,2,,
Belarus,2024,3,,
Belarus,2024,4,,
Belarus,2024,5,,
Belarus,2024,6,,
Belarus,2024,7,,
Belarus,2024,8,,
Belarus,2024,9,,
Belarus,2024,10,,
Belarus,2024,11,,
Belarus,2024,12,,
Belgium,2024,1,,
Belgium,2024,2,,
Belgium,2024,3,,
Belgium,2024,4,,
Belgium,2024,5,,
Belgium,2024,6,,
Belgium,2024,7,,
Belgium,2024,8,,
Belgium,2024,9,,
Belgium,2024,10,,
Belgium,2024,11,,
Belgium,2024,12,,
Belize,2024,1,,
Belize,2024,2,,
Belize,2024,3,,
Belize,2024,4,,
Belize,2024,5,,
Belize,2024,6,,
Belize,2024,7,,
Belize,2024,8,,
Belize,2024,9,,
Belize,2024,10,,
Belize,2024,11,,
Belize,2024,12,,
Benin,2024,1,,
Benin,2024,2,,
Benin,2024,3,,
Benin,2024,4,,
Benin,2024,5,,
Benin,2024,6,,
Benin,2024,7,,
Benin,2024,8,,
Benin,2024,9,,
Benin,2024,10,,
Benin,2024,11,,
Benin,2024,12,,
Bermuda,2024,1,,
Bermuda,2024,2,,
Bermuda,2024,3,,
Bermuda,2024,4,,
Bermuda,2024,5,,
Bermuda,2024,6,,
Bermuda,2024,7,,
Bermuda,2024,8,,
Bermuda,2024,9,,
Bermuda,2024,10,,
Bermuda,2024,11,,
Bermuda,2024,12,,
Bhutan,2024,1,,
Bhutan,2024,2,,
Bhutan,2024,3,,
Bhutan,2024,4,,
Bhutan,2024,5,,
Bhutan,2024,6,,
Bhutan,2024,7,,
Bhutan,2024,8,,
Bhutan,2024,9,,
Bhutan,2024,10,,
Bhutan,2024,11,,
Bhutan,2024,12,,
Bolivia,2024,1,,
Bolivia,2024,2,,
Bolivia,2024,3,,
Bolivia,2024,4,,
Bolivia,2024,5,,
Bolivia,2024,6,,
Bolivia,2024,7,,
Bolivia,2024,8,,
Bolivia,2024,9,,
Bolivia,2024,10,,
Bolivia,2024,11,,
Bolivia,2024,12,,
Bosnia and Herzegovina,2024,1,,
Bosnia and Herzegovina,2024,2,,
Bosnia and Herzegovina,2024,3,,
Bosnia and Herzegovina,2024,4,,
Bosnia and Herzegovina,2024,5,,
Bosnia and Herzegovina,2024,6,,
Bosnia and Herzegovina,2024,7,,
Bosnia and Herzegovina,2024,8,,
Bosnia and Herzegovina,2024,9,,
Bosnia and Herzegovina,2024,10,,
Bosnia and Herzegovina,2024,11,,
Bosnia and Herzegovina,2024,12,,
Botswana,2024,1,,
Botswana,2024,2,,
Botswana,2024,3,,
Botswana,2024,4,,
Botswana,2024,5,,
Botswana,2024,6,,
Botswana,2024,7,,
Botswana,2024,8,,
Botswana,2024,9,,
Botswana,2024,10,,
Botswana,2024,11,,
Botswana,2024,12,,
Brazil,2024,1,,
Brazil,2024,2,,
Brazil,2024,3,,
Brazil,2024,4,,
Brazil,2024,5,,
Brazil,2024,6,,
Brazil,2024,7,,
Brazil,2024,8,,
Brazil,2024,9,,
Brazil,2024,10,,
Brazil,2024,11,,
Brazil,2024,12,,
British Indian Ocean Territories,2024,1,,
British Indian Ocean Territories,2024,2,,
British Indian Ocean Territories,2024,3,,
British Indian Ocean Territories,2024,4,,
British Indian Ocean Territories,2024,5,,
British Indian Ocean Territories,2024,6,,
British Indian Ocean Territories,2024,7,,
British Indian Ocean Territories,2024,8,,
British Indian Ocean Territories,2024,9,,
British Indian Ocean Territories,2024,10,,
British Indian Ocean Territories,2024,11,,
British Indian Ocean Territories,2024,12,,
British Virgin Islands,2024,1,,
British Virgin Islands,2024,2,,
British Virgin Islands,2024,3,,
British Virgin Islands,2024,4,,
British Virgin Islands,2024,5,,
British Virgin Islands,2024,6,,
British Virgin Islands,2024,7,,
British Virgin Islands,2024,8,,
British Virgin Islands,2024,9,,
British Virgin Islands,2024,10,,
British Virgin Islands,2024,11,,
British Virgin Islands,2024,12,,
Brunei,2024,1,,
Brunei,2024,2,,
Brunei,2024,3,,
Brunei,2024,4,,
Brunei,2024,5,,
Brunei,2024,6,,
Brunei,2024,7,,
Brunei,2024,8,,
Brunei,2024,9,,
Brunei,2024,10,,
Brunei,2024,11,,
Brunei,2024,12,,
Bulgaria,2024,1,,
Bulgaria,2024,2,,
Bulgaria,2024,3,,
Bulgaria,2024,4,,
Bulgaria,2024,5,,
Bulgaria,2024,6,,
Bulgaria,2024,7,,
Bulgaria,2024,8,,
Bulgaria,2024,9,,
Bulgaria,2024,10,,
Bulgaria,2024,11,,
Bulgaria,2024,12,,
Burkina Faso,2024,1,,
Burkina Faso,2024,2,,
Burkina Faso,2024,3,,
Burkina Faso,2024,4,,
Burkina Faso,2024,5,,
Burkina Faso,2024,6,,
Burkina Faso,2024,7,,
Burkina Faso,2024,8,,
Burkina Faso,2024,9,,
Burkina Faso,2024,10,,
Burkina Faso,2024,11,,
Burkina Faso,2024,12,,
Burma,2024,1,,
Burma,2024,2,,
Burma,2024,3,,
Burma,2024,4,,
Burma,2024,5,,
Burma,2024,6,,
Burma,2024,7,,
Burma,2024,8,,
Burma,2024,9,,
Burma,2024,10,,
Burma,2024,11,,
Burma,2024,12,,
Burundi,2024,1,,
Burundi,2024,2,,
Burundi,2024,3,,
Burundi,2024,4,,
Burundi,2024,5,,
Burundi,2024,6,,
Burundi,2024,7,,
Burundi,2024,8,,
Burundi,2024,9,,
Burundi,2024,10,,
Burundi,2024,11,,
Burundi,2024,12,,
Cabo Verde,2024,1,,
Cabo Verde,2024,2,,
Cabo Verde,2024,3,,
Cabo Verde,2024,4,,
Cabo Verde,2024,5,,
Cabo Verde,2024,6,,
Cabo Verde,2024,7,,
Cabo Verde,2024,8,,
Cabo Verde,2024,9,,
Cabo Verde,2024,10,,
Cabo Verde,2024,11,,
Cabo Verde,2024,12,,
Cambodia,2024,1,,
Cambodia,2024,2,,
Cambodia,2024,3,,
Cambodia,2024,4,,
Cambodia,2024,5,,
Cambodia,2024,6,,
Cambodia,2024,7,,
Cambodia,2024,8,,
Cambodia,2024,9,,
Cambodia,2024,10,,
Cambodia,2024,11,,
Cambodia,2024,12,,
Cameroon,2024,1,,
Cameroon,2024,2,,
Cameroon,2024,3,,
Cameroon,2024,4,,
Cameroon,2024,5,,
Cameroon,2024,6,,
Cameroon,2024,7,,
Cameroon,2024,8,,
Cameroon,2024,9,,
Cameroon,2024,10,,
Cameroon,2024,11,,
Cameroon,2024,12,,
Canada,2024,1,,
Canada,2024,2,,
Canada,2024,3,,
Canada,2024,4,,
Canada,2024,5,,
Canada,2024,6,,
Canada,2024,7,,
Canada,2024,8,,
Canada,2024,9,,
Canada,2024,10,,
Canada,2024,11,,
Canada,2024,12,,
Cayman Islands,2024,1,,
Cayman Islands,2024,2,,
Cayman Islands,2024,3,,
Cayman Islands,2024,4,,
Cayman Islands,2024,5,,
Cayman Islands,2024,6,,
Cayman Islands,2024,7,,
Cayman Islands,2024,8,,
Cayman Islands,2024,9,,
Cayman Islands,2024,10,,
Cayman Islands,2024,11,,
Cayman Islands,2024,12,,
Central African Republic,2024,1,,
Central African Republic,2024,2,,
Central African Republic,2024,3,,
Central African Republic,2024,4,,
Central African Republic,2024,5,,
Central African Republic,2024,6,,
Central African Republic,2024,7,,
Central African Republic,2024,8,,
Central African Republic,2024,9,,
Central African Republic,2024,10,,
Central African Republic,2024,11,,
Central African Republic,2024,12,,
Chad,2024,1,,
Chad,2024,2,,
Chad,2024,3,,
Chad,2024,4,,
Chad,2024,5,,
Chad,2024,6,,
Chad,2024,7,,
Chad,2024,8,,
Chad,2024,9,,
Chad,2024,10,,
Chad,2024,11,,
Chad,2024,12,,
Chile,2024,1,,
Chile,2024,2,,
Chile,2024,3,,
Chile,2024,4,,
Chile,2024,5,,
Chile,2024,6,,
Chile,2024,7,,
Chile,2024,8,,
Chile,2024,9,,
Chile,2024,10,,
Chile,2024,11,,
Chile,2024,12,,
China,2024,1,,
China,2024,2,,
China,2024,3,,
China,2024,4,,
China,2024,5,,
China,2024,6,,
China,2024,7,,
China,2024,8,,
China,2024,9,,
China,2024,10,,
China,2024,11,,
China,2024,12,,
Christmas Island,2024,1,,
Christmas Island,2024,2,,
Christmas Island,2024,3,,
Christmas Island,2024,4,,
Christmas Island,2024,5,,
Christmas Island,2024,6,,
Christmas Island,2024,7,,
Christmas Island,2024,8,,
Christmas Island,2024,9,,
Christmas Island,2024,10,,
Christmas Island,2024,11,,
Christmas Island,2024,12,,
Cocos (Keeling) Islands,2024,1,,
Cocos (Keeling) Islands,2024,2,,
Cocos (Keeling) Islands,2024,3,,
Cocos (Keeling) Islands,2024,4,,
Cocos (Keeling) Islands,2024,5,,
Cocos (Keeling) Islands,2024,6,,
Cocos (Keeling) Islands,2024,7,,
Cocos (Keeling) Islands,2024,8,,
Cocos (Keeling) Islands,2024,9,,
Cocos (Keeling) Islands,2024,10,,
Cocos (Keeling) Islands,2024,11,,
Cocos (Keeling) Islands,2024,12,,
Colombia,2024,1,,
Colombia,2024,2,,
Colombia,2024,3,,
Colombia,2024,4,,
Colombia,2024,5,,
Colombia,2024,6,,
Colombia,2024,7,,
Colombia,2024,8,,
Colombia,2024,9,,
Colombia,2024,10,,
Colombia,2024,11,,
Colombia,2024,12,,
Comoros,2024,1,,
Comoros,2024,2,,
Comoros,2024,3,,
Comoros,2024,4,,
Comoros,2024,5,,
Comoros,2024,6,,
Comoros,2024,7,,
Comoros,2024,8,,
Comoros,2024,9,,
Comoros,2024,10,,
Comoros,2024,11,,
Comoros,2024,12,,
Congo,2024,1,,
Congo,2024,2,,
Congo,2024,3,,
Congo,2024,4,,
Congo,2024,5,,
Congo,2024,6,,
Congo,2024,7,,
Congo,2024,8,,
Congo,2024,9,,
Congo,2024,10,,
Congo,2024,11,,
Congo,2024,12,,
Cook Islands,2024,1,,
Cook Islands,2024,2,,
Cook Islands,2024,3,,
Cook Islands,2024,4,,
Cook Islands,2024,5,,
Cook Islands,2024,6,,
Cook Islands,2024,7,,
Cook Islands,2024,8,,
Cook Islands,2024,9,,
Cook Islands,2024,10,,
Cook Islands,2024,11,,
Cook Islands,2024,12,,
Costa Rica,2024,1,,
Costa Rica,2024,2,,
Costa Rica,2024,3,,
Costa Rica,2024,4,,
Costa Rica,2024,5,,
Costa Rica,2024,6,,
Costa Rica,2024,7,,
Costa Rica,2024,8,,
Costa Rica,2024,9,,
Costa Rica,2024,10,,
Costa Rica,2024,11,,
Costa Rica,2024,12,,
Cote d'Ivoire,2024,1,,
Cote d'Ivoire,2024,2,,
Cote d'Ivoire,2024,3,,
Cote d'Ivoire,2024,4,,
Cote d'Ivoire,2024,5,,
Cote d'Ivoire,2024,6,,
Cote d'Ivoire,2024,7,,
Cote d'Ivoire,2024,8,,
Cote d'Ivoire,2024,9,,
Cote d'Ivoire,2024,10,,
Cote d'Ivoire,2024,11,,
Cote d'Ivoire,2024,12,,
Croatia,2024,1,,
Croatia,2024,2,,
Croatia,2024,3,,
Croatia,2024,4,,
Croatia,2024,5,,
Croatia,2024,6,,
Croatia,2024,7,,
Croatia,2024,8,,
Croatia,2024,9,,
Croatia,2024,10,,
Croatia,2024,11,,
Croatia,2024,12,,
Cuba,2024,1,,
Cuba,2024,2,,
Cuba,2024,3,,
Cuba,2024,4,,
Cuba,2024,5,,
Cuba,2024,6,,
Cuba,2024,7,,
Cuba,2024,8,,
Cuba,2024,9,,
Cuba,2024,10,,
Cuba,2024,11,,
Cuba,2024,12,,
Curacao,2024,1,,
Curacao,2024,2,,
Curacao,2024,3,,
Curacao,2024,4,,
Curacao,2024,5,,
Curacao,2024,6,,
Curacao,2024,7,,
Curacao,2024,8,,
Curacao,2024,9,,
Curacao,2024,10,,
Curacao,2024,11,,
Curacao,2024,12,,
Cyprus,2024,1,,
Cyprus,2024,2,,
Cyprus,2024,3,,
Cyprus,2024,4,,
Cyprus,2024,5,,
Cyprus,2024,6,,
Cyprus,2024,7,,
Cyprus,2024,8,,
Cyprus,2024,9,,
Cyprus,2024,10,,
Cyprus,2024,11,,
Cyprus,2024,12,,
Czech Republic,2024,1,,
Czech Republic,2024,2,,
Czech Republic,2024,3,,
Czech Republic,2024,4,,
Czech Republic,2024,5,,
Czech Republic,2024,6,,
Czech Republic,2024,7,,
Czech Republic,2024,8,,
Czech Republic,2024,9,,
Czech Republic,2024,10,,
Czech Republic,2024,11,,
Czech Republic,2024,12,,
Democratic Republic of Congo,2024,1,,
Democratic Republic of Congo,2024,2,,
Democratic Republic of Congo,2024,3,,
Democratic Republic of Congo,2024,4,,
Democratic Republic of Congo,2024,5,,
Democratic Republic of Congo,2024,6,,
Democratic Republic of Congo,2024,7,,
Democratic Republic of Congo,2024,8,,
Democratic Republic of Congo,2024,9,,
Democratic Republic of Congo,2024,10,,
Democratic Republic of Congo,2024,11,,
Democratic Republic of Congo,2024,12,,
Denmark,2024,1,,
Denmark,2024,2,,
Denmark,2024,3,,
Denmark,2024,4,,
Denmark,2024,5,,
Denmark,2024,6,,
Denmark,2024,7,,
Denmark,2024,8,,
Denmark,2024,9,,
Denmark,2024,10,,
Denmark,2024,11,,
Denmark,2024,12,,
Djibouti,2024,1,,
Djibouti,2024,2,,
Djibouti,2024,3,,
Djibouti,2024,4,,
Djibouti,2024,5,,
Djibouti,2024,6,,
Djibouti,2024,7,,
Djibouti,2024,8,,
Djibouti,2024,9,,
Djibouti,2024,10,,
Djibouti,2024,11,,
Djibouti,2024,12,,
Dominica,2024,1,,
Dominica,2024,2,,
Dominica,2024,3,,
Dominica,2024,4,,
Dominica,2024,5,,
Dominica,2024,6,,
Dominica,2024,7,,
Dominica,2024,8,,
Dominica,2024,9,,
Dominica,2024,10,,
Dominica,2024,11,,
Dominica,2024,12,,
Dominican Republic,2024,1,,
Dominican Republic,2024,2,,
Dominican Republic,2024,3,,
Dominican Republic,2024,4,,
Dominican Republic,2024,5,,
Dominican Republic,2024,6,,
Dominican Republic,2024,7,,
Dominican Republic,2024,8,,
Dominican Republic,2024,9,,
Dominican Republic,2024,10,,
Dominican Republic,2024,11,,
Dominican Republic,2024,12,,
Ecuador,2024,1,,
Ecuador,2024,2,,
Ecuador,2024,3,,
Ecuador,2024,4,,
Ecuador,2024,5,,
Ecuador,2024,6,,
Ecuador,2024,7,,
Ecuador,2024,8,,
Ecuador,2024,9,,
Ecuador,2024,10,,
Ecuador,2024,11,,
Ecuador,2024,12,,
Egypt,2024,1,,
Egypt,2024,2,,
Egypt,2024,3,,
Egypt,2024,4,,
Egypt,2024,5,,
Egypt,2024,6,,
Egypt,2024,7,,
Egypt,2024,8,,
Egypt,2024,9,,
Egypt,2024,10,,
Egypt,2024,11,,
Egypt,2024,12,,
El Salvador,2024,1,,
El Salvador,2024,2,,
El Salvador,2024,3,,
El Salvador,2024,4,,
El Salvador,2024,5,,
El Salvador,2024,6,,
El Salvador,2024,7,,
El Salvador,2024,8,,
El Salvador,2024,9,,
El Salvador,2024,10,,
El Salvador,2024,11,,
El Salvador,2024,12,,
Equatorial Guinea,2024,1,,
Equatorial Guinea,2024,2,,
Equatorial Guinea,2024,3,,
Equatorial Guinea,2024,4,,
Equatorial Guinea,2024,5,,
Equatorial Guinea,2024,6,,
Equatorial Guinea,2024,7,,
Equatorial Guinea,2024,8,,
Equatorial Guinea,2024,9,,
Equatorial Guinea,2024,10,,
Equatorial Guinea,2024,11,,
Equatorial Guinea,2024,12,,
Eritrea,2024,1,,
Eritrea,2024,2,,
Eritrea,2024,3,,
Eritrea,2024,4,,
Eritrea,2024,5,,
Eritrea,2024,6,,
Eritrea,2024,7,,
Eritrea,2024,8,,
Eritrea,2024,9,,
Eritrea,2024,10,,
Eritrea,2024,11,,
Eritrea,2024,12,,
Estonia,2024,1,,
Estonia,2024,2,,
Estonia,2024,3,,
Estonia,2024,4,,
Estonia,2024,5,,
Estonia,2024,6,,
Estonia,2024,7,,
Estonia,2024,8,,
Estonia,2024,9,,
Estonia,2024,10,,
Estonia,2024,11,,
Estonia,2024,12,,
Eswatini,2024,1,,
Eswatini,2024,2,,
Eswatini,2024,3,,
Eswatini,2024,4,,
Eswatini,2024,5,,
Eswatini,2024,6,,
Eswatini,2024,7,,
Eswatini,2024,8,,
Eswatini,2024,9,,
Eswatini,2024,10,,
Eswatini,2024,11,,
Eswatini,2024,12,,
Ethiopia,2024,1,,
Ethiopia,2024,2,,
Ethiopia,2024,3,,
Ethiopia,2024,4,,
Ethiopia,2024,5,,
Ethiopia,2024,6,,
Ethiopia,2024,7,,
Ethiopia,2024,8,,
Ethiopia,2024,9,,
Ethiopia,2024,10,,
Ethiopia,2024,11,,
Ethiopia,2024,12,,
Falkland Islands (Islas Malvinas),2024,1,,
Falkland Islands (Islas Malvinas),2024,2,,
Falkland Islands (Islas Malvinas),2024,3,,
Falkland Islands (Islas Malvinas),2024,4,,
Falkland Islands (Islas Malvinas),2024,5,,
Falkland Islands (Islas Malvinas),2024,6,,
Falkland Islands (Islas Malvinas),2024,7,,
Falkland Islands (Islas Malvinas),2024,8,,
Falkland Islands (Islas Malvinas),2024,9,,
Falkland Islands (Islas Malvinas),2024,10,,
Falkland Islands (Islas Malvinas),2024,11,,
Falkland Islands (Islas Malvinas),2024,12,,
Faroe Islands,2024,1,,
Faroe Islands,2024,2,,
Faroe Islands,2024,3,,
Faroe Islands,2024,4,,
Faroe Islands,2024,5,,
Faroe Islands,2024,6,,
Faroe Islands,2024,7,,
Faroe Islands,2024,8,,
Faroe Islands,2024,9,,
Faroe Islands,2024,10,,
Faroe Islands,2024,11,,
Faroe Islands,2024,12,,
Fiji,2024,1,,
Fiji,2024,2,,
Fiji,2024,3,,
Fiji,2024,4,,
Fiji,2024,5,,
Fiji,2024,6,,
Fiji,2024,7,,
Fiji,2024,8,,
Fiji,2024,9,,
Fiji,2024,10,,
Fiji,2024,11,,
Fiji,2024,12,,
Finland,2024,1,,
Finland,2024,2,,
Finland,2024,3,,
Finland,2024,4,,
Finland,2024,5,,
Finland,2024,6,,
Finland,2024,7,,
Finland,2024,8,,
Finland,2024,9,,
Finland,2024,10,,
Finland,2024,11,,
Finland,2024,12,,
France,2024,1,,
France,2024,2,,
France,2024,3,,
France,2024,4,,
France,2024,5,,
France,2024,6,,
France,2024,7,,
France,2024,8,,
France,2024,9,,
France,2024,10,,
France,2024,11,,
France,2024,12,,
French Guiana,2024,1,,
French Guiana,2024,2,,
French Guiana,2024,3,,
French Guiana,2024,4,,
French Guiana,2024,5,,
French Guiana,2024,6,,
French Guiana,2024,7,,
French Guiana,2024,8,,
French Guiana,2024,9,,
French Guiana,2024,10,,
French Guiana,2024,11,,
French Guiana,2024,12,,
French Polynesia,2024,1,,
French Polynesia,2024,2,,
French Polynesia,2024,3,,
French Polynesia,2024,4,,
French Polynesia,2024,5,,
French Polynesia,2024,6,,
French Polynesia,2024,7,,
French Polynesia,2024,8,,
French Polynesia,2024,9,,
French Polynesia,2024,10,,
French Polynesia,2024,11,,
French Polynesia,2024,12,,
French Southern and Antarctic Lands,2024,1,,
French Southern and Antarctic Lands,2024,2,,
French Southern and Antarctic Lands,2024,3,,
French Southern and Antarctic Lands,2024,4,,
French Southern and Antarctic Lands,2024,5,,
French Southern and Antarctic Lands,2024,6,,
French Southern and Antarctic Lands,2024,7,,
French Southern and Antarctic Lands,2024,8,,
French Southern and Antarctic Lands,2024,9,,
French Southern and Antarctic Lands,2024,10,,
French Southern and Antarctic Lands,2024,11,,
French Southern and Antarctic Lands,2024,12,,
Gabon,2024,1,,
Gabon,2024,2,,
Gabon,2024,3,,
Gabon,2024,4,,
Gabon,2024,5,,
Gabon,2024,6,,
Gabon,2024,7,,
Gabon,2024,8,,
Gabon,2024,9,,
Gabon,2024,10,,
Gabon,2024,11,,
Gabon,2024,12,,
Gambia,2024,1,,
Gambia,2024,2,,
Gambia,2024,3,,
Gambia,2024,4,,
Gambia,2024,5,,
Gambia,2024,6,,
Gambia,2024,7,,
Gambia,2024,8,,
Gambia,2024,9,,
Gambia,2024,10,,
Gambia,2024,11,,
Gambia,2024,12,,
Gaza Strip Administered by Israel,2024,1,,
Gaza Strip Administered by Israel,2024,2,,
Gaza Strip Administered by Israel,2024,3,,
Gaza Strip Administered by Israel,2024,4,,
Gaza Strip Administered by Israel,2024,5,,
Gaza Strip Administered by Israel,2024,6,,
Gaza Strip Administered by Israel,2024,7,,
Gaza Strip Administered by Israel,2024,8,,
Gaza Strip Administered by Israel,2024,9,,
Gaza Strip Administered by Israel,2024,10,,
Gaza Strip Administered by Israel,2024,11,,
Gaza Strip Administered by Israel,2024,12,,
Georgia,2024,1,,
Georgia,2024,2,,
Georgia,2024,3,,
Georgia,2024,4,,
Georgia,2024,5,,
Georgia,2024,6,,
Georgia,2024,7,,
Georgia,2024,8,,
Georgia,2024,9,,
Georgia,2024,10,,
Georgia,2024,11,,
Georgia,2024,12,,
Germany,2024,1,,
Germany,2024,2,,
Germany,2024,3,,
Germany,2024,4,,
Germany,2024,5,,
Germany,2024,6,,
Germany,2024,7,,
Germany,2024,8,,
Germany,2024,9,,
Germany,2024,10,,
Germany,2024,11,,
Germany,2024,12,,
Ghana,2024,1,,
Ghana,2024,2,,
Ghana,2024,3,,
Ghana,2024,4,,
Ghana,2024,5,,
Ghana,2024,6,,
Ghana,2024,7,,
Ghana,2024,8,,
Ghana,2024,9,,
Ghana,2024,10,,
Ghana,2024,11,,
Ghana,2024,12,,
Gibraltar,2024,1,,
Gibraltar,2024,2,,
Gibraltar,2024,3,,
Gibraltar,2024,4,,
Gibraltar,2024,5,,
Gibraltar,2024,6,,
Gibraltar,2024,7,,
Gibraltar,2024,8,,
Gibraltar,2024,9,,
Gibraltar,2024,10,,
Gibraltar,2024,11,,
Gibraltar,2024,12,,
Greece,2024,1,,
Greece,2024,2,,
Greece,2024,3,,
Greece,2024,4,,
Greece,2024,5,,
Greece,2024,6,,
Greece,2024,7,,
Greece,2024,8,,
Greece,2024,9,,
Greece,2024,10,,
Greece,2024,11,,
Greece,2024,12,,
Greenland,2024,1,,
Greenland,2024,2,,
Greenland,2024,3,,
Greenland,2024,4,,
Greenland,2024,5,,
Greenland,2024,6,,
Greenland,2024,7,,
Greenland,2024,8,,
Greenland,2024,9,,
Greenland,2024,10,,
Greenland,2024,11,,
Greenland,2024,12,,
Grenada,2024,1,,
Grenada,2024,2,,
Grenada,2024,3,,
Grenada,2024,4,,
Grenada,2024,5,,
Grenada,2024,6,,
Grenada,2024,7,,
Grenada,2024,8,,
Grenada,2024,9,,
Grenada,2024,10,,
Grenada,2024,11,,
Grenada,2024,12,,
Guadeloupe,2024,1,,
Guadeloupe,2024,2,,
Guadeloupe,2024,3,,
Guadeloupe,2024,4,,
Guadeloupe,2024,5,,
Guadeloupe,2024,6,,
Guadeloupe,2024,7,,
Guadeloupe,2024,8,,
Guadeloupe,2024,9,,
Guadeloupe,2024,10,,
Guadeloupe,2024,11,,
Guadeloupe,2024,12,,
Guatemala,2024,1,,
Guatemala,2024,2,,
Guatemala,2024,3,,
Guatemala,2024,4,,
Guatemala,2024,5,,
Guatemala,2024,6,,
Guatemala,2024,7,,
Guatemala,2024,8,,
Guatemala,2024,9,,
Guatemala,2024,10,,
Guatemala,2024,11,,
Guatemala,2024,12,,
Guinea,2024,1,,
Guinea,2024,2,,
Guinea,2024,3,,
Guinea,2024,4,,
Guinea,2024,5,,
Guinea,2024,6,,
Guinea,2024,7,,
Guinea,2024,8,,
Guinea,2024,9,,
Guinea,2024,10,,
Guinea,2024,11,,
Guinea,2024,12,,
Guinea-Bissau,2024,1,,
Guinea-Bissau,2024,2,,
Guinea-Bissau,2024,3,,
Guinea-Bissau,2024,4,,
Guinea-Bissau,2024,5,,
Guinea-Bissau,2024,6,,
Guinea-Bissau,2024,7,,
Guinea-Bissau,2024,8,,
Guinea-Bissau,2024,9,,
Guinea-Bissau,2024,10,,
Guinea-Bissau,2024,11,,
Guinea-Bissau,2024,12,,
Guyana,2024,1,,
Guyana,2024,2,,
Guyana,2024,3,,
Guyana,2024,4,,
Guyana,2024,5,,
Guyana,2024,6,,
Guyana,2024,7,,
Guyana,2024,8,,
Guyana,2024,9,,
Guyana,2024,10,,
Guyana,2024,11,,
Guyana,2024,12,,
Haiti,2024,1,,
Haiti,2024,2,,
Haiti,2024,3,,
Haiti,2024,4,,
Haiti,2024,5,,
Haiti,2024,6,,
Haiti,2024,7,,
Haiti,2024,8,,
Haiti,2024,9,,
Haiti,2024,10,,
Haiti,2024,11,,
Haiti,2024,12,,
Heard and McDonald Islands,2024,1,,
Heard and McDonald Islands,2024,2,,
Heard and McDonald Islands,2024,3,,
Heard and McDonald Islands,2024,4,,
Heard and McDonald Islands,2024,5,,
Heard and McDonald Islands,2024,6,,
Heard and McDonald Islands,2024,7,,
Heard and McDonald Islands,2024,8,,
Heard and McDonald Islands,2024,9,,
Heard and McDonald Islands,2024,10,,
Heard and McDonald Islands,2024,11,,
Heard and McDonald Islands,2024,12,,
Honduras,2024,1,,
Honduras,2024,2,,
Honduras,2024,3,,
Honduras,2024,4,,
Honduras,2024,5,,
Honduras,2024,6,,
Honduras,2024,7,,
Honduras,2024,8,,
Honduras,2024,9,,
Honduras,2024,10,,
Honduras,2024,11,,
Honduras,2024,12,,
Hong Kong,2024,1,,
Hong Kong,2024,2,,
Hong Kong,2024,3,,
Hong Kong,2024,4,,
Hong Kong,2024,5,,
Hong Kong,2024,6,,
Hong Kong,2024,7,,
Hong Kong,2024,8,,
Hong Kong,2024,9,,
Hong Kong,2024,10,,
Hong Kong,2024,11,,
Hong Kong,2024,12,,
Hungary,2024,1,,
Hungary,2024,2,,
Hungary,2024,3,,
Hungary,2024,4,,
Hungary,2024,5,,
Hungary,2024,6,,
Hungary,2024,7,,
Hungary,2024,8,,
Hungary,2024,9,,
Hungary,2024,10,,
Hungary,2024,11,,
Hungary,2024,12,,
Iceland,2024,1,,
Iceland,2024,2,,
Iceland,2024,3,,
Iceland,2024,4,,
Iceland,2024,5,,
Iceland,2024,6,,
Iceland,2024,7,,
Iceland,2024,8,,
Iceland,2024,9,,
Iceland,2024,10,,
Iceland,2024,11,,
Iceland,2024,12,,
India,2024,1,,
India,2024,2,,
India,2024,3,,
India,2024,4,,
India,2024,5,,
India,2024,6,,
India,2024,7,,
India,2024,8,,
India,2024,9,,
India,2024,10,,
India,2024,11,,
India,2024,12,,
Indonesia,2024,1,,
Indonesia,2024,2,,
Indonesia,2024,3,,
Indonesia,2024,4,,
Indonesia,2024,5,,
Indonesia,2024,6,,
Indonesia,2024,7,,
Indonesia,2024,8,,
Indonesia,2024,9,,
Indonesia,2024,10,,
Indonesia,2024,11,,
Indonesia,2024,12,,
Iran,2024,1,,
Iran,2024,2,,
Iran,2024,3,,
Iran,2024,4,,
Iran,2024,5,,
Iran,2024,6,,
Iran,2024,7,,
Iran,2024,8,,
Iran,2024,9,,
Iran,2024,10,,
Iran,2024,11,,
Iran,2024,12,,
Iraq,2024,1,,
Iraq,2024,2,,
Iraq,2024,3,,
Iraq,2024,4,,
Iraq,2024,5,,
Iraq,2024,6,,
Iraq,2024,7,,
Iraq,2024,8,,
Iraq,2024,9,,
Iraq,2024,10,,
Iraq,2024,11,,
Iraq,2024,12,,
Ireland,2024,1,,
Ireland,2024,2,,
Ireland,2024,3,,
Ireland,2024,4,,
Ireland,2024,5,,
Ireland,2024,6,,
Ireland,2024,7,,
Ireland,2024,8,,
Ireland,2024,9,,
Ireland,2024,10,,
Ireland,2024,11,,
Ireland,2024,12,,
Israel,2024,1,,
Israel,2024,2,,
Israel,2024,3,,
Israel,2024,4,,
Israel,2024,5,,
Israel,2024,6,,
Israel,2024,7,,
Israel,2024,8,,
Israel,2024,9,,
Israel,2024,10,,
Israel,2024,11,,
Israel,2024,12,,
Italy,2024,1,,
Italy,2024,2,,
Italy,2024,3,,
Italy,2024,4,,
Italy,2024,5,,
Italy,2024,6,,
Italy,2024,7,,
Italy,2024,8,,
Italy,2024,9,,
Italy,2024,10,,
Italy,2024,11,,
Italy,2024,12,,
Jamaica,2024,1,,
Jamaica,2024,2,,
Jamaica,2024,3,,
Jamaica,2024,4,,
Jamaica,2024,5,,
Jamaica,2024,6,,
Jamaica,2024,7,,
Jamaica,2024,8,,
Jamaica,2024,9,,
Jamaica,2024,10,,
Jamaica,2024,11,,
Jamaica,2024,12,,
Japan,2024,1,,
Japan,2024,2,,
Japan,2024,3,,
Japan,2024,4,,
Japan,2024,5,,
Japan,2024,6,,
Japan,2024,7,,
Japan,2024,8,,
Japan,2024,9,,
Japan,2024,10,,
Japan,2024,11,,
Japan,2024,12,,
Jordan,2024,1,,
Jordan,2024,2,,
Jordan,2024,3,,
Jordan,2024,4,,
Jordan,2024,5,,
Jordan,2024,6,,
Jordan,2024,7,,
Jordan,2024,8,,
Jordan,2024,9,,
Jordan,2024,10,,
Jordan,2024,11,,
Jordan,2024,12,,
Kazakhstan,2024,1,,
Kazakhstan,2024,2,,
Kazakhstan,2024,3,,
Kazakhstan,2024,4,,
Kazakhstan,2024,5,,
Kazakhstan,2024,6,,
Kazakhstan,2024,7,,
Kazakhstan,2024,8,,
Kazakhstan,2024,9,,
Kazakhstan,2024,10,,
Kazakhstan,2024,11,,
Kazakhstan,2024,12,,
Kenya,2024,1,,
Kenya,2024,2,,
Kenya,2024,3,,
Kenya,2024,4,,
Kenya,2024,5,,
Kenya,2024,6,,
Kenya,2024,7,,
Kenya,2024,8,,
Kenya,2024,9,,
Kenya,2024,10,,
Kenya,2024,11,,
Kenya,2024,12,,
Kiribati,2024,1,,
Kiribati,2024,2,,
Kiribati,2024,3,,
Kiribati,2024,4,,
Kiribati,2024,5,,
Kiribati,2024,6,,
Kiribati,2024,7,,
Kiribati,2024,8,,
Kiribati,2024,9,,
Kiribati,2024,10,,
Kiribati,2024,11,,
Kiribati,2024,12,,
"Korea, North",2024,1,,
"Korea, North",2024,2,,
"Korea, North",2024,3,,
"Korea, North",2024,4,,
"Korea, North",2024,5,,
"Korea, North",2024,6,,
"Korea, North",2024,7,,
"Korea, North",2024,8,,
"Korea, North",2024,9,,
"Korea, North",2024,10,,
"Korea, North",2024,11,,
"Korea, North",2024,12,,
"Korea, South",2024,1,,
"Korea, South",2024,2,,
"Korea, South",2024,3,,
"Korea, South",2024,4,,
"Korea, South",2024,5,,
"Korea, South",2024,6,,
"Korea, South",2024,7,,
"Korea, South",2024,8,,
"Korea, South",2024,9,,
"Korea, South",2024,10,,
"Korea, South",2024,11,,
"Korea, South",2024,12,,
Kosovo,2024,1,,
Kosovo,2024,2,,
Kosovo,2024,3,,
Kosovo,2024,4,,
Kosovo,2024,5,,
Kosovo,2024,6,,
Kosovo,2024,7,,
Kosovo,2024,8,,
Kosovo,2024,9,,
Kosovo,2024,10,,
Kosovo,2024,11,,
Kosovo,2024,12,,
Kuwait,2024,1,,
Kuwait,2024,2,,
Kuwait,2024,3,,
Kuwait,2024,4,,
Kuwait,2024,5,,
Kuwait,2024,6,,
Kuwait,2024,7,,
Kuwait,2024,8,,
Kuwait,2024,9,,
Kuwait,2024,10,,
Kuwait,2024,11,,
Kuwait,2024,12,,
Kyrgyzstan,2024,1,,
Kyrgyzstan,2024,2,,
Kyrgyzstan,2024,3,,
Kyrgyzstan,2024,4,,
Kyrgyzstan,2024,5,,
Kyrgyzstan,2024,6,,
Kyrgyzstan,2024,7,,
Kyrgyzstan,2024,8,,
Kyrgyzstan,2024,9,,
Kyrgyzstan,2024,10,,
Kyrgyzstan,2024,11,,
Kyrgyzstan,2024,12,,
Laos,2024,1,,
Laos,2024,2,,
Laos,2024,3,,
Laos,2024,4,,
Laos,2024,5,,
Laos,2024,6,,
Laos,2024,7,,
Laos,2024,8,,
Laos,2024,9,,
Laos,2024,10,,
Laos,2024,11,,
Laos,2024,12,,
Latvia,2024,1,,
Latvia,2024,2,,
Latvia,2024,3,,
Latvia,2024,4,,
Latvia,2024,5,,
Latvia,2024,6,,
Latvia,2024,7,,
Latvia,2024,8,,
Latvia,2024,9,,
Latvia,2024,10,,
Latvia,2024,11,,
Latvia,2024,12,,
Lebanon,2024,1,,
Lebanon,2024,2,,
Lebanon,2024,3,,
Lebanon,2024,4,,
Lebanon,2024,5,,
Lebanon,2024,6,,
Lebanon,2024,7,,
Lebanon,2024,8,,
Lebanon,2024,9,,
Lebanon,2024,10,,
Lebanon,2024,11,,
Lebanon,2024,12,,
Lesotho,2024,1,,
Lesotho,2024,2,,
Lesotho,2024,3,,
Lesotho,2024,4,,
Lesotho,2024,5,,
Lesotho,2024,6,,
Lesotho,2024,7,,
Lesotho,2024,8,,
Lesotho,2024,9,,
Lesotho,2024,10,,
Lesotho,2024,11,,
Lesotho,2024,12,,
Liberia,2024,1,,
Liberia,2024,2,,
Liberia,2024,3,,
Liberia,2024,4,,
Liberia,2024,5,,
Liberia,2024,6,,
Liberia,2024,7,,
Liberia,2024,8,,
Liberia,2024,9,,
Liberia,2024,10,,
Liberia,2024,11,,
Liberia,2024,12,,
Libya,2024,1,,
Libya,2024,2,,
Libya,2024,3,,
Libya,2024,4,,
Libya,2024,5,,
Libya,2024,6,,
Libya,2024,7,,
Libya,2024,8,,
Libya,2024,9,,
Libya,2024,10,,
Libya,2024,11,,
Libya,2024,12,,
Liechtenstein,2024,1,,
Liechtenstein,2024,2,,
Liechtenstein,2024,3,,
Liechtenstein,2024,4,,
Liechtenstein,2024,5,,
Liechtenstein,2024,6,,
Liechtenstein,2024,7,,
Liechtenstein,2024,8,,
Liechtenstein,2024,9,,
Liechtenstein,2024,10,,
Liechtenstein,2024,11,,
Liechtenstein,2024,12,,
Lithuania,2024,1,,
Lithuania,2024,2,,
Lithuania,2024,3,,
Lithuania,2024,4,,
Lithuania,2024,5,,
Lithuania,2024,6,,
Lithuania,2024,7,,
Lithuania,2024,8,,
Lithuania,2024,9,,
Lithuania,2024,10,,
Lithuania,2024,11,,
Lithuania,2024,12,,
Luxembourg,2024,1,,
Luxembourg,2024,2,,
Luxembourg,2024,3,,
Luxembourg,2024,4,,
Luxembourg,2024,5,,
Luxembourg,2024,6,,
Luxembourg,2024,7,,
Luxembourg,2024,8,,
Luxembourg,2024,9,,
Luxembourg,2024,10,,
Luxembourg,2024,11,,
Luxembourg,2024,12,,
Macau,2024,1,,
Macau,2024,2,,
Macau,2024,3,,
Macau,2024,4,,
Macau,2024,5,,
Macau,2024,6,,
Macau,2024,7,,
Macau,2024,8,,
Macau,2024,9,,
Macau,2024,10,,
Macau,2024,11,,
Macau,2024,12,,
Macedonia,2024,1,,
Macedonia,2024,2,,
Macedonia,2024,3,,
Macedonia,2024,4,,
Macedonia,2024,5,,
Macedonia,2024,6,,
Macedonia,2024,7,,
Macedonia,2024,8,,
Macedonia,2024,9,,
Macedonia,2024,10,,
Macedonia,2024,11,,
Macedonia,2024,12,,
Madagascar,2024,1,,
Madagascar,2024,2,,
Madagascar,2024,3,,
Madagascar,2024,4,,
Madagascar,2024,5,,
Madagascar,2024,6,,
Madagascar,2024,7,,
Madagascar,2024,8,,
Madagascar,2024,9,,
Madagascar,2024,10,,
Madagascar,2024,11,,
Madagascar,2024,12,,
Malawi,2024,1,,
Malawi,2024,2,,
Malawi,2024,3,,
Malawi,2024,4,,
Malawi,2024,5,,
Malawi,2024,6,,
Malawi,2024,7,,
Malawi,2024,8,,
Malawi,2024,9,,
Malawi,2024,10,,
Malawi,2024,11,,
Malawi,2024,12,,
Malaysia,2024,1,,
Malaysia,2024,2,,
Malaysia,2024,3,,
Malaysia,2024,4,,
Malaysia,2024,5,,
Malaysia,2024,6,,
Malaysia,2024,7,,
Malaysia,2024,8,,
Malaysia,2024,9,,
Malaysia,2024,10,,
Malaysia,2024,11,,
Malaysia,2024,12,,
Maldives,2024,1,,
Maldives,2024,2,,
Maldives,2024,3,,
Maldives,2024,4,,
Maldives,2024,5,,
Maldives,2024,6,,
Maldives,2024,7,,
Maldives,2024,8,,
Maldives,2024,9,,
Maldives,2024,10,,
Maldives,2024,11,,
Maldives,2024,12,,
Mali,2024,1,,
Mali,2024,2,,
Mali,2024,3,,
Mali,2024,4,,
Mali,2024,5,,
Mali,2024,6,,
Mali,2024,7,,
Mali,2024,8,,
Mali,2024,9,,
Mali,2024,10,,
Mali,2024,11,,
Mali,2024,12,,
Malta,2024,1,,
Malta,2024,2,,
Malta,2024,3,,
Malta,2024,4,,
Malta,2024,5,,
Malta,2024,6,,
Malta,2024,7,,
Malta,2024,8,,
Malta,2024,9,,
Malta,2024,10,,
Malta,2024,11,,
Malta,2024,12,,
Marshall Islands,2024,1,,
Marshall Islands,2024,2,,
Marshall Islands,2024,3,,
Marshall Islands,2024,4,,
Marshall Islands,2024,5,,
Marshall Islands,2024,6,,
Marshall Islands,2024,7,,
Marshall Islands,2024,8,,
Marshall Islands,2024,9,,
Marshall Islands,2024,10,,
Marshall Islands,2024,11,,
Marshall Islands,2024,12,,
Martinique,2024,1,,
Martinique,2024,2,,
Martinique,2024,3,,
Martinique,2024,4,,
Martinique,2024,5,,
Martinique,2024,6,,
Martinique,2024,7,,
Martinique,2024,8,,
Martinique,2024,9,,
Martinique,2024,10,,
Martinique,2024,11,,
Martinique,2024,12,,
Mauritania,2024,1,,
Mauritania,2024,2,,
Mauritania,2024,3,,
Mauritania,2024,4,,
Mauritania,2024,5,,
Mauritania,2024,6,,
Mauritania,2024,7,,
Mauritania,2024,8,,
Mauritania,2024,9,,
Mauritania,2024,10,,
Mauritania,2024,11,,
Mauritania,2024,12,,
Mauritius,2024,1,,
Mauritius,2024,2,,
Mauritius,2024,3,,
Mauritius,2024,4,,
Mauritius,2024,5,,
Mauritius,2024,6,,
Mauritius,2024,7,,
Mauritius,2024,8,,
Mauritius,2024,9,,
Mauritius,2024,10,,
Mauritius,2024,11,,
Mauritius,2024,12,,
Mayotte,2024,1,,
Mayotte,2024,2,,
Mayotte,2024,3,,
Mayotte,2024,4,,
Mayotte,2024,5,,
Mayotte,2024,6,,
Mayotte,2024,7,,
Mayotte,2024,8,,
Mayotte,2024,9,,
Mayotte,2024,10,,
Mayotte,2024,11,,
Mayotte,2024,12,,
Mexico,2024,1,,
Mexico,2024,2,,
Mexico,2024,3,,
Mexico,2024,4,,
Mexico,2024,5,,
Mexico,2024,6,,
Mexico,2024,7,,
Mexico,2024,8,,
Mexico,2024,9,,
Mexico,2024,10,,
Mexico,2024,11,,
Mexico,2024,12,,
Micronesia,2024,1,,
Micronesia,2024,2,,
Micronesia,2024,3,,
Micronesia,2024,4,,
Micronesia,2024,5,,
Micronesia,2024,6,,
Micronesia,2024,7,,
Micronesia,2024,8,,
Micronesia,2024,9,,
Micronesia,2024,10,,
Micronesia,2024,11,,
Micronesia,2024,12,,
Moldova,2024,1,,
Moldova,2024,2,,
Moldova,2024,3,,
Moldova,2024,4,,
Moldova,2024,5,,
Moldova,2024,6,,
Moldova,2024,7,,
Moldova,2024,8,,
Moldova,2024,9,,
Moldova,2024,10,,
Moldova,2024,11,,
Moldova,2024,12,,
Monaco,2024,1,,
Monaco,2024,2,,
Monaco,2024,3,,
Monaco,2024,4,,
Monaco,2024,5,,
Monaco,2024,6,,
Monaco,2024,7,,
Monaco,2024,8,,
Monaco,2024,9,,
Monaco,2024,10,,
Monaco,2024,11,,
Monaco,2024,12,,
Mongolia,2024,1,,
Mongolia,2024,2,,
Mongolia,2024,3,,
Mongolia,2024,4,,
Mongolia,2024,5,,
Mongolia,2024,6,,
Mongolia,2024,7,,
Mongolia,2024,8,,
Mongolia,2024,9,,
Mongolia,2024,10,,
Mongolia,2024,11,,
Mongolia,2024,12,,
Montenegro,2024,1,,
Montenegro,2024,2,,
Montenegro,2024,3,,
Montenegro,2024,4,,
Montenegro,2024,5,,
Montenegro,2024,6,,
Montenegro,2024,7,,
Montenegro,2024,8,,
Montenegro,2024,9,,
Montenegro,2024,10,,
Montenegro,2024,11,,
Montenegro,2024,12,,
Montserrat,2024,1,,
Montserrat,2024,2,,
Montserrat,2024,3,,
Montserrat,2024,4,,
Montserrat,2024,5,,
Montserrat,2024,6,,
Montserrat,2024,7,,
Montserrat,2024,8,,
Montserrat,2024,9,,
Montserrat,2024,10,,
Montserrat,2024,11,,
Montserrat,2024,12,,
Morocco,2024,1,,
Morocco,2024,2,,
Morocco,2024,3,,
Morocco,2024,4,,
Morocco,2024,5,,
Morocco,2024,6,,
Morocco,2024,7,,
Morocco,2024,8,,
Morocco,2024,9,,
Morocco,2024,10,,
Morocco,2024,11,,
Morocco,2024,12,,
Mozambique,2024,1,,
Mozambique,2024,2,,
Mozambique,2024,3,,
Mozambique,2024,4,,
Mozambique,2024,5,,
Mozambique,2024,6,,
Mozambique,2024,7,,
Mozambique,2024,8,,
Mozambique,2024,9,,
Mozambique,2024,10,,
Mozambique,2024,11,,
Mozambique,2024,12,,
Namibia,2024,1,,
Namibia,2024,2,,
Namibia,2024,3,,
Namibia,2024,4,,
Namibia,2024,5,,
Namibia,2024,6,,
Namibia,2024,7,,
Namibia,2024,8,,
Namibia,2024,9,,
Namibia,2024,10,,
Namibia,2024,11,,
Namibia,2024,12,,
Nauru,2024,1,,
Nauru,2024,2,,
Nauru,2024,3,,
Nauru,2024,4,,
Nauru,2024,5,,
Nauru,2024,6,,
Nauru,2024,7,,
Nauru,2024,8,,
Nauru,2024,9,,
Nauru,2024,10,,
Nauru,2024,11,,
Nauru,2024,12,,
Nepal,2024,1,,
Nepal,2024,2,,
Nepal,2024,3,,
Nepal,2024,4,,
Nepal,2024,5,,
Nepal,2024,6,,
Nepal,2024,7,,
Nepal,2024,8,,
Nepal,2024,9,,
Nepal,2024,10,,
Nepal,2024,11,,
Nepal,2024,12,,
Netherlands,2024,1,,
Netherlands,2024,2,,
Netherlands,2024,3,,
Netherlands,2024,4,,
Netherlands,2024,5,,
Netherlands,2024,6,,
Netherlands,2024,7,,
Netherlands,2024,8,,
Netherlands,2024,9,,
Netherlands,2024,10,,
Netherlands,2024,11,,
Netherlands,2024,12,,
New Caledonia,2024,1,,
New Caledonia,2024,2,,
New Caledonia,2024,3,,
New Caledonia,2024,4,,
New Caledonia,2024,5,,
New Caledonia,2024,6,,
New Caledonia,2024,7,,
New Caledonia,2024,8,,
New Caledonia,2024,9,,
New Caledonia,2024,10,,
New Caledonia,2024,11,,
New Caledonia,2024,12,,
New Zealand,2024,1,,
New Zealand,2024,2,,
New Zealand,2024,3,,
New Zealand,2024,4,,
New Zealand,2024,5,,
New Zealand,2024,6,,
New Zealand,2024,7,,
New Zealand,2024,8,,
New Zealand,2024,9,,
New Zealand,2024,10,,
New Zealand,2024,11,,
New Zealand,2024,12,,
Nicaragua,2024,1,,
Nicaragua,2024,2,,
Nicaragua,2024,3,,
Nicaragua,2024,4,,
Nicaragua,2024,5,,
Nicaragua,2024,6,,
Nicaragua,2024,7,,
Nicaragua,2024,8,,
Nicaragua,2024,9,,
Nicaragua,2024,10,,
Nicaragua,2024,11,,
Nicaragua,2024,12,,
Niger,2024,1,,
Niger,2024,2,,
Niger,2024,3,,
Niger,2024,4,,
Niger,2024,5,,
Niger,2024,6,,
Niger,2024,7,,
Niger,2024,8,,
Niger,2024,9,,
Niger,2024,10,,
Niger,2024,11,,
Niger,2024,12,,
Nigeria,2024,1,,
Nigeria,2024,2,,
Nigeria,2024,3,,
Nigeria,2024,4,,
Nigeria,2024,5,,
Nigeria,2024,6,,
Nigeria,2024,7,,
Nigeria,2024,8,,
Nigeria,2024,9,,
Nigeria,2024,10,,
Nigeria,2024,11,,
Nigeria,2024,12,,
Niue,2024,1,,
Niue,2024,2,,
Niue,2024,3,,
Niue,2024,4,,
Niue,2024,5,,
Niue,2024,6,,
Niue,2024,7,,
Niue,2024,8,,
Niue,2024,9,,
Niue,2024,10,,
Niue,2024,11,,
Niue,2024,12,,
Norfolk Island,2024,1,,
Norfolk Island,2024,2,,
Norfolk Island,2024,3,,
Norfolk Island,2024,4,,
Norfolk Island,2024,5,,
Norfolk Island,2024,6,,
Norfolk Island,2024,7,,
Norfolk Island,2024,8,,
Norfolk Island,2024,9,,
Norfolk Island,2024,10,,
Norfolk Island,2024,11,,
Norfolk Island,2024,12,,
Norway,2024,1,,
Norway,2024,2,,
Norway,2024,3,,
Norway,2024,4,,
Norway,2024,5,,
Norway,2024,6,,
Norway,2024,7,,
Norway,2024,8,,
Norway,2024,9,,
Norway,2024,10,,
Norway,2024,11,,
Norway,2024,12,,
Oman,2024,1,,
Oman,2024,2,,
Oman,2024,3,,
Oman,2024,4,,
Oman,2024,5,,
Oman,2024,6,,
Oman,2024,7,,
Oman,2024,8,,
Oman,2024,9,,
Oman,2024,10,,
Oman,2024,11,,
Oman,2024,12,,
Pakistan,2024,1,,
Pakistan,2024,2,,
Pakistan,2024,3,,
Pakistan,2024,4,,
Pakistan,2024,5,,
Pakistan,2024,6,,
Pakistan,2024,7,,
Pakistan,2024,8,,
Pakistan,2024,9,,
Pakistan,2024,10,,
Pakistan,2024,11,,
Pakistan,2024,12,,
Palau,2024,1,,
Palau,2024,2,,
Palau,2024,3,,
Palau,2024,4,,
Palau,2024,5,,
Palau,2024,6,,
Palau,2024,7,,
Palau,2024,8,,
Palau,2024,9,,
Palau,2024,10,,
Palau,2024,11,,
Palau,2024,12,,
Panama,2024,1,,
Panama,2024,2,,
Panama,2024,3,,
Panama,2024,4,,
Panama,2024,5,,
Panama,2024,6,,
Panama,2024,7,,
Panama,2024,8,,
Panama,2024,9,,
Panama,2024,10,,
Panama,2024,11,,
Panama,2024,12,,
Papua New Guinea,2024,1,,
Papua New Guinea,2024,2,,
Papua New Guinea,2024,3,,
Papua New Guinea,2024,4,,
Papua New Guinea,2024,5,,
Papua New Guinea,2024,6,,
Papua New Guinea,2024,7,,
Papua New Guinea,2024,8,,
Papua New Guinea,2024,9,,
Papua New Guinea,2024,10,,
Papua New Guinea,2024,11,,
Papua New Guinea,2024,12,,
Paraguay,2024,1,,
Paraguay,2024,2,,
Paraguay,2024,3,,
Paraguay,2024,4,,
Paraguay,2024,5,,
Paraguay,2024,6,,
Paraguay,2024,7,,
Paraguay,2024,8,,
Paraguay,2024,9,,
Paraguay,2024,10,,
Paraguay,2024,11,,
Paraguay,2024,12,,
Peru,2024,1,,
Peru,2024,2,,
Peru,2024,3,,
Peru,2024,4,,
Peru,2024,5,,
Peru,2024,6,,
Peru,2024,7,,
Peru,2024,8,,
Peru,2024,9,,
Peru,2024,10,,
Peru,2024,11,,
Peru,2024,12,,
Philippines,2024,1,,
Philippines,2024,2,,
Philippines,2024,3,,
Philippines,2024,4,,
Philippines,2024,5,,
Philippines,2024,6,,
Philippines,2024,7,,
Philippines,2024,8,,
Philippines,2024,9,,
Philippines,2024,10,,
Philippines,2024,11,,
Philippines,2024,12,,
Pitcairn Islands,2024,1,,
Pitcairn Islands,2024,2,,
Pitcairn Islands,2024,3,,
Pitcairn Islands,2024,4,,
Pitcairn Islands,2024,5,,
Pitcairn Islands,2024,6,,
Pitcairn Islands,2024,7,,
Pitcairn Islands,2024,8,,
Pitcairn Islands,2024,9,,
Pitcairn Islands,2024,10,,
Pitcairn Islands,2024,11,,
Pitcairn Islands,2024,12,,
Poland,2024,1,,
Poland,2024,2,,
Poland,2024,3,,
Poland,2024,4,,
Poland,2024,5,,
Poland,2024,6,,
Poland,2024,7,,
Poland,2024,8,,
Poland,2024,9,,
Poland,2024,10,,
Poland,2024,11,,
Poland,2024,12,,
Portugal,2024,1,,
Portugal,2024,2,,
Portugal,2024,3,,
Portugal,2024,4,,
Portugal,2024,5,,
Portugal,2024,6,,
Portugal,2024,7,,
Portugal,2024,8,,
Portugal,2024,9,,
Portugal,2024,10,,
Portugal,2024,11,,
Portugal,2024,12,,
Qatar,2024,1,,
Qatar,2024,2,,
Qatar,2024,3,,
Qatar,2024,4,,
Qatar,2024,5,,
Qatar,2024,6,,
Qatar,2024,7,,
Qatar,2024,8,,
Qatar,2024,9,,
Qatar,2024,10,,
Qatar,2024,11,,
Qatar,2024,12,,
Reunion,2024,1,,
Reunion,2024,2,,
Reunion,2024,3,,
Reunion,2024,4,,
Reunion,2024,5,,
Reunion,2024,6,,
Reunion,2024,7,,
Reunion,2024,8,,
Reunion,2024,9,,
Reunion,2024,10,,
Reunion,2024,11,,
Reunion,2024,12,,
Romania,2024,1,,
Romania,2024,2,,
Romania,2024,3,,
Romania,2024,4,,
Romania,2024,5,,
Romania,2024,6,,
Romania,2024,7,,
Romania,2024,8,,
Romania,2024,9,,
Romania,2024,10,,
Romania,2024,11,,
Romania,2024,12,,
Russia,2024,1,,
Russia,2024,2,,
Russia,2024,3,,
Russia,2024,4,,
Russia,2024,5,,
Russia,2024,6,,
Russia,2024,7,,
Russia,2024,8,,
Russia,2024,9,,
Russia,2024,10,,
Russia,2024,11,,
Russia,2024,12,,
Rwanda,2024,1,,
Rwanda,2024,2,,
Rwanda,2024,3,,
Rwanda,2024,4,,
Rwanda,2024,5,,
Rwanda,2024,6,,
Rwanda,2024,7,,
Rwanda,2024,8,,
Rwanda,2024,9,,
Rwanda,2024,10,,
Rwanda,2024,11,,
Rwanda,2024,12,,
Samoa,2024,1,,
Samoa,2024,2,,
Samoa,2024,3,,
Samoa,2024,4,,
Samoa,2024,5,,
Samoa,2024,6,,
Samoa,2024,7,,
Samoa,2024,8,,
Samoa,2024,9,,
Samoa,2024,10,,
Samoa,2024,11,,
Samoa,2024,12,,
San Marino,2024,1,,
San Marino,2024,2,,
San Marino,2024,3,,
San Marino,2024,4,,
San Marino,2024,5,,
San Marino,2024,6,,
San Marino,2024,7,,
San Marino,2024,8,,
San Marino,2024,9,,
San Marino,2024,10,,
San Marino,2024,11,,
San Marino,2024,12,,
Sao Tome and Principe,2024,1,,
Sao Tome and Principe,2024,2,,
Sao Tome and Principe,2024,3,,
Sao Tome and Principe,2024,4,,
Sao Tome and Principe,2024,5,,
Sao Tome and Principe,2024,6,,
Sao Tome and Principe,2024,7,,
Sao Tome and Principe,2024,8,,
Sao Tome and Principe,2024,9,,
Sao Tome and Principe,2024,10,,
Sao Tome and Principe,2024,11,,
Sao Tome and Principe,2024,12,,
Saudi Arabia,2024,1,,
Saudi Arabia,2024,2,,
Saudi Arabia,2024,3,,
Saudi Arabia,2024,4,,
Saudi Arabia,2024,5,,
Saudi Arabia,2024,6,,
Saudi Arabia,2024,7,,
Saudi Arabia,2024,8,,
Saudi Arabia,2024,9,,
Saudi Arabia,2024,10,,
Saudi Arabia,2024,11,,
Saudi Arabia,2024,12,,
Senegal,2024,1,,
Senegal,2024,2,,
Senegal,2024,3,,
Senegal,2024,4,,
Senegal,2024,5,,
Senegal,2024,6,,
Senegal,2024,7,,
Senegal,2024,8,,
Senegal,2024,9,,
Senegal,2024,10,,
Senegal,2024,11,,
Senegal,2024,12,,
Serbia,2024,1,,
Serbia,2024,2,,
Serbia,2024,3,,
Serbia,2024,4,,
Serbia,2024,5,,
Serbia,2024,6,,
Serbia,2024,7,,
Serbia,2024,8,,
Serbia,2024,9,,
Serbia,2024,10,,
Serbia,2024,11,,
Serbia,2024,12,,
Seychelles,2024,1,,
Seychelles,2024,2,,
Seychelles,2024,3,,
Seychelles,2024,4,,
Seychelles,2024,5,,
Seychelles,2024,6,,
Seychelles,2024,7,,
Seychelles,2024,8,,
Seychelles,2024,9,,
Seychelles,2024,10,,
Seychelles,2024,11,,
Seychelles,2024,12,,
Sierra Leone,2024,1,,
Sierra Leone,2024,2,,
Sierra Leone,2024,3,,
Sierra Leone,2024,4,,
Sierra Leone,2024,5,,
Sierra Leone,2024,6,,
Sierra Leone,2024,7,,
Sierra Leone,2024,8,,
Sierra Leone,2024,9,,
Sierra Leone,2024,10,,
Sierra Leone,2024,11,,
Sierra Leone,2024,12,,
Singapore,2024,1,,
Singapore,2024,2,,
Singapore,2024,3,,
Singapore,2024,4,,
Singapore,2024,5,,
Singapore,2024,6,,
Singapore,2024,7,,
Singapore,2024,8,,
Singapore,2024,9,,
Singapore,2024,10,,
Singapore,2024,11,,
Singapore,2024,12,,
Sint Maarten,2024,1,,
Sint Maarten,2024,2,,
Sint Maarten,2024,3,,
Sint Maarten,2024,4,,
Sint Maarten,2024,5,,
Sint Maarten,2024,6,,
Sint Maarten,2024,7,,
Sint Maarten,2024,8,,
Sint Maarten,2024,9,,
Sint Maarten,2024,10,,
Sint Maarten,2024,11,,
Sint Maarten,2024,12,,
Slovakia,2024,1,,
Slovakia,2024,2,,
Slovakia,2024,3,,
Slovakia,2024,4,,
Slovakia,2024,5,,
Slovakia,2024,6,,
Slovakia,2024,7,,
Slovakia,2024,8,,
Slovakia,2024,9,,
Slovakia,2024,10,,
Slovakia,2024,11,,
Slovakia,2024,12,,
Slovenia,2024,1,,
Slovenia,2024,2,,
Slovenia,2024,3,,
Slovenia,2024,4,,
Slovenia,2024,5,,
Slovenia,2024,6,,
Slovenia,2024,7,,
Slovenia,2024,8,,
Slovenia,2024,9,,
Slovenia,2024,10,,
Slovenia,2024,11,,
Slovenia,2024,12,,
Solomon Islands,2024,1,,
Solomon Islands,2024,2,,
Solomon Islands,2024,3,,
Solomon Islands,2024,4,,
Solomon Islands,2024,5,,
Solomon Islands,2024,6,,
Solomon Islands,2024,7,,
Solomon Islands,2024,8,,
Solomon Islands,2024,9,,
Solomon Islands,2024,10,,
Solomon Islands,2024,11,,
Solomon Islands,2024,12,,
Somalia,2024,1,,
Somalia,2024,2,,
Somalia,2024,3,,
Somalia,2024,4,,
Somalia,2024,5,,
Somalia,2024,6,,
Somalia,2024,7,,
Somalia,2024,8,,
Somalia,2024,9,,
Somalia,2024,10,,
Somalia,2024,11,,
Somalia,2024,12,,
South Africa,2024,1,,
South Africa,2024,2,,
South Africa,2024,3,,
South Africa,2024,4,,
South Africa,2024,5,,
South Africa,2024,6,,
South Africa,2024,7,,
South Africa,2024,8,,
South Africa,2024,9,,
South Africa,2024,10,,
South Africa,2024,11,,
South Africa,2024,12,,
South Sudan,2024,1,,
South Sudan,2024,2,,
South Sudan,2024,3,,
South Sudan,2024,4,,
South Sudan,2024,5,,
South Sudan,2024,6,,
South Sudan,2024,7,,
South Sudan,2024,8,,
South Sudan,2024,9,,
South Sudan,2024,10,,
South Sudan,2024,11,,
South Sudan,2024,12,,
Spain,2024,1,,
Spain,2024,2,,
Spain,2024,3,,
Spain,2024,4,,
Spain,2024,5,,
Spain,2024,6,,
Spain,2024,7,,
Spain,2024,8,,
Spain,2024,9,,
Spain,2024,10,,
Spain,2024,11,,
Spain,2024,12,,
Sri Lanka,2024,1,,
Sri Lanka,2024,2,,
Sri Lanka,2024,3,,
Sri Lanka,2024,4,,
Sri Lanka,2024,5,,
Sri Lanka,2024,6,,
Sri Lanka,2024,7,,
Sri Lanka,2024,8,,
Sri Lanka,2024,9,,
Sri Lanka,2024,10,,
Sri Lanka,2024,11,,
Sri Lanka,2024,12,,
St Helena,2024,1,,
St Helena,2024,2,,
St Helena,2024,3,,
St Helena,2024,4,,
St Helena,2024,5,,
St Helena,2024,6,,
St Helena,2024,7,,
St Helena,2024,8,,
St Helena,2024,9,,
St Helena,2024,10,,
St Helena,2024,11,,
St Helena,2024,12,,
St Kitts and Nevis,2024,1,,
St Kitts and Nevis,2024,2,,
St Kitts and Nevis,2024,3,,
St Kitts and Nevis,2024,4,,
St Kitts and Nevis,2024,5,,
St Kitts and Nevis,2024,6,,
St Kitts and Nevis,2024,7,,
St Kitts and Nevis,2024,8,,
St Kitts and Nevis,2024,9,,
St Kitts and Nevis,2024,10,,
St Kitts and Nevis,2024,11,,
St Kitts and Nevis,2024,12,,
St Lucia,2024,1,,
St Lucia,2024,2,,
St Lucia,2024,3,,
St Lucia,2024,4,,
St Lucia,2024,5,,
St Lucia,2024,6,,
St Lucia,2024,7,,
St Lucia,2024,8,,
St Lucia,2024,9,,
St Lucia,2024,10,,
St Lucia,2024,11,,
St Lucia,2024,12,,
St Pierre and Miquelon,2024,1,,
St Pierre and Miquelon,2024,2,,
St Pierre and Miquelon,2024,3,,
St Pierre and Miquelon,2024,4,,
St Pierre and Miquelon,2024,5,,
St Pierre and Miquelon,2024,6,,
St Pierre and Miquelon,2024,7,,
St Pierre and Miquelon,2024,8,,
St Pierre and Miquelon,2024,9,,
St Pierre and Miquelon,2024,10,,
St Pierre and Miquelon,2024,11,,
St Pierre and Miquelon,2024,12,,
St Vincent and the Grenadines,2024,1,,
St Vincent and the Grenadines,2024,2,,
St Vincent and the Grenadines,2024,3,,
St Vincent and the Grenadines,2024,4,,
St Vincent and the Grenadines,2024,5,,
St Vincent and the Grenadines,2024,6,,
St Vincent and the Grenadines,2024,7,,
St Vincent and the Grenadines,2024,8,,
St Vincent and the Grenadines,2024,9,,
St Vincent and the Grenadines,2024,10,,
St Vincent and the Grenadines,2024,11,,
St Vincent and the Grenadines,2024,12,,
Sudan,2024,1,,
Sudan,2024,2,,
Sudan,2024,3,,
Sudan,2024,4,,
Sudan,2024,5,,
Sudan,2024,6,,
Sudan,2024,7,,
Sudan,2024,8,,
Sudan,2024,9,,
Sudan,2024,10,,
Sudan,2024,11,,
Sudan,2024,12,,
Suriname,2024,1,,
Suriname,2024,2,,
Suriname,2024,3,,
Suriname,2024,4,,
Suriname,2024,5,,
Suriname,2024,6,,
Suriname,2024,7,,
Suriname,2024,8,,
Suriname,2024,9,,
Suriname,2024,10,,
Suriname,2024,11,,
Suriname,2024,12,,
"Svalbard, Jan Mayen Island",2024,1,,
"Svalbard, Jan Mayen Island",2024,2,,
"Svalbard, Jan Mayen Island",2024,3,,
"Svalbard, Jan Mayen Island",2024,4,,
"Svalbard, Jan Mayen Island",2024,5,,
"Svalbard, Jan Mayen Island",2024,6,,
"Svalbard, Jan Mayen Island",2024,7,,
"Svalbard, Jan Mayen Island",2024,8,,
"Svalbard, Jan Mayen Island",2024,9,,
"Svalbard, Jan Mayen Island",2024,10,,
"Svalbard, Jan Mayen Island",2024,11,,
"Svalbard, Jan Mayen Island",2024,12,,
Sweden,2024,1,,
Sweden,2024,2,,
Sweden,2024,3,,
Sweden,2024,4,,
Sweden,2024,5,,
Sweden,2024,6,,
Sweden,2024,7,,
Sweden,2024,8,,
Sweden,2024,9,,
Sweden,2024,10,,
Sweden,2024,11,,
Sweden,2024,12,,
Switzerland,2024,1,,
Switzerland,2024,2,,
Switzerland,2024,3,,
Switzerland,2024,4,,
Switzerland,2024,5,,
Switzerland,2024,6,,
Switzerland,2024,7,,
Switzerland,2024,8,,
Switzerland,2024,9,,
Switzerland,2024,10,,
Switzerland,2024,11,,
Switzerland,2024,12,,
Syria,2024,1,,
Syria,2024,2,,
Syria,2024,3,,
Syria,2024,4,,
Syria,2024,5,,
Syria,2024,6,,
Syria,2024,7,,
Syria,2024,8,,
Syria,2024,9,,
Syria,2024,10,,
Syria,2024,11,,
Syria,2024,12,,
Taiwan,2024,1,,
Taiwan,2024,2,,
Taiwan,2024,3,,
Taiwan,2024,4,,
Taiwan,2024,5,,
Taiwan,2024,6,,
Taiwan,2024,7,,
Taiwan,2024,8,,
Taiwan,2024,9,,
Taiwan,2024,10,,
Taiwan,2024,11,,
Taiwan,2024,12,,
Tajikistan,2024,1,,
Tajikistan,2024,2,,
Tajikistan,2024,3,,
Tajikistan,2024,4,,
Tajikistan,2024,5,,
Tajikistan,2024,6,,
Tajikistan,2024,7,,
Tajikistan,2024,8,,
Tajikistan,2024,9,,
Tajikistan,2024,10,,
Tajikistan,2024,11,,
Tajikistan,2024,12,,
Tanzania,2024,1,,
Tanzania,2024,2,,
Tanzania,2024,3,,
Tanzania,2024,4,,
Tanzania,2024,5,,
Tanzania,2024,6,,
Tanzania,2024,7,,
Tanzania,2024,8,,
Tanzania,2024,9,,
Tanzania,2024,10,,
Tanzania,2024,11,,
Tanzania,2024,12,,
Thailand,2024,1,,
Thailand,2024,2,,
Thailand,2024,3,,
Thailand,2024,4,,
Thailand,2024,5,,
Thailand,2024,6,,
Thailand,2024,7,,
Thailand,2024,8,,
Thailand,2024,9,,
Thailand,2024,10,,
Thailand,2024,11,,
Thailand,2024,12,,
Timor-Leste,2024,1,,
Timor-Leste,2024,2,,
Timor-Leste,2024,3,,
Timor-Leste,2024,4,,
Timor-Leste,2024,5,,
Timor-Leste,2024,6,,
Timor-Leste,2024,7,,
Timor-Leste,2024,8,,
Timor-Leste,2024,9,,
Timor-Leste,2024,10,,
Timor-Leste,2024,11,,
Timor-Leste,2024,12,,
Togo,2024,1,,
Togo,2024,2,,
Togo,2024,3,,
Togo,2024,4,,
Togo,2024,5,,
Togo,2024,6,,
Togo,2024,7,,
Togo,2024,8,,
Togo,2024,9,,
Togo,2024,10,,
Togo,2024,11,,
Togo,2024,12,,
Tokelau,2024,1,,
Tokelau,2024,2,,
Tokelau,2024,3,,
Tokelau,2024,4,,
Tokelau,2024,5,,
Tokelau,2024,6,,
Tokelau,2024,7,,
Tokelau,2024,8,,
Tokelau,2024,9,,
Tokelau,2024,10,,
Tokelau,2024,11,,
Tokelau,2024,12,,
Tonga,2024,1,,
Tonga,2024,2,,
Tonga,2024,3,,
Tonga,2024,4,,
Tonga,2024,5,,
Tonga,2024,6,,
Tonga,2024,7,,
Tonga,2024,8,,
Tonga,2024,9,,
Tonga,2024,10,,
Tonga,2024,11,,
Tonga,2024,12,,
Trinidad and Tobago,2024,1,,
Trinidad and Tobago,2024,2,,
Trinidad and Tobago,2024,3,,
Trinidad and Tobago,2024,4,,
Trinidad and Tobago,2024,5,,
Trinidad and Tobago,2024,6,,
Trinidad and Tobago,2024,7,,
Trinidad and Tobago,2024,8,,
Trinidad and Tobago,2024,9,,
Trinidad and Tobago,2024,10,,
Trinidad and Tobago,2024,11,,
Trinidad and Tobago,2024,12,,
Tunisia,2024,1,,
Tunisia,2024,2,,
Tunisia,2024,3,,
Tunisia,2024,4,,
Tunisia,2024,5,,
Tunisia,2024,6,,
Tunisia,2024,7,,
Tunisia,2024,8,,
Tunisia,2024,9,,
Tunisia,2024,10,,
Tunisia,2024,11,,
Tunisia,2024,12,,
Turkey,2024,1,,
Turkey,2024,2,,
Turkey,2024,3,,
Turkey,2024,4,,
Turkey,2024,5,,
Turkey,2024,6,,
Turkey,2024,7,,
Turkey,2024,8,,
Turkey,2024,9,,
Turkey,2024,10,,
Turkey,2024,11,,
Turkey,2024,12,,
Turkmenistan,2024,1,,
Turkmenistan,2024,2,,
Turkmenistan,2024,3,,
Turkmenistan,2024,4,,
Turkmenistan,2024,5,,
Turkmenistan,2024,6,,
Turkmenistan,2024,7,,
Turkmenistan,2024,8,,
Turkmenistan,2024,9,,
Turkmenistan,2024,10,,
Turkmenistan,2024,11,,
Turkmenistan,2024,12,,
Turks and Caicos Islands,2024,1,,
Turks and Caicos Islands,2024,2,,
Turks and Caicos Islands,2024,3,,
Turks and Caicos Islands,2024,4,,
Turks and Caicos Islands,2024,5,,
Turks and Caicos Islands,2024,6,,
Turks and Caicos Islands,2024,7,,
Turks and Caicos Islands,2024,8,,
Turks and Caicos Islands,2024,9,,
Turks and Caicos Islands,2024,10,,
Turks and Caicos Islands,2024,11,,
Turks and Caicos Islands,2024,12,,
Tuvalu,2024,1,,
Tuvalu,2024,2,,
Tuvalu,2024,3,,
Tuvalu,2024,4,,
Tuvalu,2024,5,,
Tuvalu,2024,6,,
Tuvalu,2024,7,,
Tuvalu,2024,8,,
Tuvalu,2024,9,,
Tuvalu,2024,10,,
Tuvalu,2024,11,,
Tuvalu,2024,12,,
Uganda,2024,1,,
Uganda,2024,2,,
Uganda,2024,3,,
Uganda,2024,4,,
Uganda,2024,5,,
Uganda,2024,6,,
Uganda,2024,7,,
Uganda,2024,8,,
Uganda,2024,9,,
Uganda,2024,10,,
Uganda,2024,11,,
Uganda,2024,12,,
Ukraine,2024,1,,
Ukraine,2024,2,,
Ukraine,2024,3,,
Ukraine,2024,4,,
Ukraine,2024,5,,
Ukraine,2024,6,,
Ukraine,2024,7,,
Ukraine,2024,8,,
Ukraine,2024,9,,
Ukraine,2024,10,,
Ukraine,2024,11,,
Ukraine,2024,12,,
Unidentified Countries,2024,1,,
Unidentified Countries,2024,2,,
Unidentified Countries,2024,3,,
Unidentified Countries,2024,4,,
Unidentified Countries,2024,5,,
Unidentified Countries,2024,6,,
Unidentified Countries,2024,7,,
Unidentified Countries,2024,8,,
Unidentified Countries,2024,9,,
Unidentified Countries,2024,10,,
Unidentified Countries,2024,11,,
Unidentified Countries,2024,12,,
United Arab Emirates,2024,1,,
United Arab Emirates,2024,2,,
United Arab Emirates,2024,3,,
United Arab Emirates,2024,4,,
United Arab Emirates,2024,5,,
United Arab Emirates,2024,6,,
United Arab Emirates,2024,7,,
United Arab Emirates,2024,8,,
United Arab Emirates,2024,9,,
United Arab Emirates,2024,10,,
United Arab Emirates,2024,11,,
United Arab Emirates,2024,12,,
United Kingdom,2024,1,,
United Kingdom,2024,2,,
United Kingdom,2024,3,,
United Kingdom,2024,4,,
United Kingdom,2024,5,,
United Kingdom,2024,6,,
United Kingdom,2024,7,,
United Kingdom,2024,8,,
United Kingdom,2024,9,,
United Kingdom,2024,10,,
United Kingdom,2024,11,,
United Kingdom,2024,12,,
Uruguay,2024,1,,
Uruguay,2024,2,,
Uruguay,2024,3,,
Uruguay,2024,4,,
Uruguay,2024,5,,
Uruguay,2024,6,,
Uruguay,2024,7,,
Uruguay,2024,8,,
Uruguay,2024,9,,
Uruguay,2024,10,,
Uruguay,2024,11,,
Uruguay,2024,12,,
Uzbekistan,2024,1,,
Uzbekistan,2024,2,,
Uzbekistan,2024,3,,
Uzbekistan,2024,4,,
Uzbekistan,2024,5,,
Uzbekistan,2024,6,,
Uzbekistan,2024,7,,
Uzbekistan,2024,8,,
Uzbekistan,2024,9,,
Uzbekistan,2024,10,,
Uzbekistan,2024,11,,
Uzbekistan,2024,12,,
Vanuatu,2024,1,,
Vanuatu,2024,2,,
Vanuatu,2024,3,,
Vanuatu,2024,4,,
Vanuatu,2024,5,,
Vanuatu,2024,6,,
Vanuatu,2024,7,,
Vanuatu,2024,8,,
Vanuatu,2024,9,,
Vanuatu,2024,10,,
Vanuatu,2024,11,,
Vanuatu,2024,12,,
Vatican City,2024,1,,
Vatican City,2024,2,,
Vatican City,2024,3,,
Vatican City,2024,4,,
Vatican City,2024,5,,
Vatican City,2024,6,,
Vatican City,2024,7,,
Vatican City,2024,8,,
Vatican City,2024,9,,
Vatican City,2024,10,,
Vatican City,2024,11,,
Vatican City,2024,12,,
Venezuela,2024,1,,
Venezuela,2024,2,,
Venezuela,2024,3,,
Venezuela,2024,4,,
Venezuela,2024,5,,
Venezuela,2024,6,,
Venezuela,2024,7,,
Venezuela,2024,8,,
Venezuela,2024,9,,
Venezuela,2024,10,,
Venezuela,2024,11,,
Venezuela,2024,12,,
Vietnam,2024,1,,
Vietnam,2024,2,,
Vietnam,2024,3,,
Vietnam,2024,4,,
Vietnam,2024,5,,
Vietnam,2024,6,,
Vietnam,2024,7,,
Vietnam,2024,8,,
Vietnam,2024,9,,
Vietnam,2024,10,,
Vietnam,2024,11,,
Vietnam,2024,12,,
Wallis and Futuna,2024,1,,
Wallis and Futuna,2024,2,,
Wallis and Futuna,2024,3,,
Wallis and Futuna,2024,4,,
Wallis and Futuna,2024,5,,
Wallis and Futuna,2024,6,,
Wallis and Futuna,2024,7,,
Wallis and Futuna,2024,8,,
Wallis and Futuna,2024,9,,
Wallis and Futuna,2024,10,,
Wallis and Futuna,2024,11,,
Wallis and Futuna,2024,12,,
West Bank Administered by Israel,2024,1,,
West Bank Administered by Israel,2024,2,,
West Bank Administered by Israel,2024,3,,
West Bank Administered by Israel,2024,4,,
West Bank Administered by Israel,2024,5,,
West Bank Administered by Israel,2024,6,,
West Bank Administered by Israel,2024,7,,
West Bank Administered by Israel,2024,8,,
West Bank Administered by Israel,2024,9,,
West Bank Administered by Israel,2024,10,,
West Bank Administered by Israel,2024,11,,
West Bank Administered by Israel,2024,12,,
Western Sahara (through Dec 2020),2024,1,,
Western Sahara (through Dec 2020),2024,2,,
Western Sahara (through Dec 2020),2024,3,,
Western Sahara (through Dec 2020),2024,4,,
Western Sahara (through Dec 2020),2024,5,,
Western Sahara (through Dec 2020),2024,6,,
Western Sahara (through Dec 2020),2024,7,,
Western Sahara (through Dec 2020),2024,8,,
Western Sahara (through Dec 2020),2024,9,,
Western Sahara (through Dec 2020),2024,10,,
Western Sahara (through Dec 2020),2024,11,,
Western Sahara (through Dec 2020),2024,12,,
Yemen,2024,1,,
Yemen,2024,2,,
Yemen,2024,3,,
Yemen,2024,4,,
Yemen,2024,5,,
Yemen,2024,6,,
Yemen,2024,7,,
Yemen,2024,8,,
Yemen,2024,9,,
Yemen,2024,10,,
Yemen,2024,11,,
Yemen,2024,12,,
Zambia,2024,1,,
Zambia,2024,2,,
Zambia,2024,3,,
Zambia,2024,4,,
Zambia,2024,5,,
Zambia,2024,6,,
Zambia,2024,7,,
Zambia,2024,8,,
Zambia,2024,9,,
Zambia,2024,10,,
Zambia,2024,11,,
Zambia,2024,12,,
Zimbabwe,2024,1,,
Zimbabwe,2024,2,,
Zimbabwe,2024,3,,
Zimbabwe,2024,4,,
Zimbabwe,2024,5,,
Zimbabwe,2024,6,,
Zimbabwe,2024,7,,
Zimbabwe,2024,8,,
Zimbabwe,2024,9,,
Zimbabwe,2024,10,,
Zimbabwe,2024,11,,
Zimbabwe,2024,12,,
